Position,Driver Number,Driver,Driver Abbreviation,Car,Laps,Time/Retired,Points
1,16,Bruce McLaren,MCL,Cooper Climax,80.0,2:17:49.500,8
2,24,Cliff Allison,ALL,Ferrari,80.0,+26.300s,6
3,38,Maurice Trintignant,TRI,Cooper Climax,,SHC,0
3,38,Stirling Moss,MOS,Cooper Climax,80.0,+36.900s,0
4,6,Carlos Menditeguy,MEN,Cooper Maserati,80.0,+53.300s,3
5,30,Wolfgang von Trips,VON,Ferrari,79.0,+1 lap,2
6,20,Innes Ireland,IRE,Lotus Climax,79.0,+1 lap,1
7,40,Jo Bonnier,BON,BRM,79.0,+1 lap,0
8,26,Phil Hill,HIL,Ferrari,77.0,+3 laps,0
9,46,Alberto Rodriguez Larreta,ROD,Lotus Climax,77.0,+3 laps,0
10,32,Jose Froilan Gonzalez,GON,Ferrari,77.0,+3 laps,0
11,4,Roberto Bonomi,BON,Cooper Maserati,76.0,+4 laps,0
12,2,Masten Gregory,GRE,Behra-Porsche,76.0,+4 laps,0
13,14,Gino Munaron,MUN,Maserati,72.0,+8 laps,0
14,10,Nasif Estefano,EST,Maserati,70.0,+10 laps,0
NC,34,Harry Schell,SCH,Cooper Climax,63.0,DNF,0
NC,18,Jack Brabham,BRA,Cooper Climax,42.0,DNF,0
NC,36,Stirling Moss,MOS,Cooper Climax,40.0,DNF,0
NC,42,Graham Hill,HIL,BRM,37.0,DNF,0
NC,22,Alan Stacey,STA,Lotus Climax,24.0,DNF,0
NC,44,Ettore Chimeri,CHI,Maserati,23.0,DNF,0
NC,12,Antonio Creus,CRE,Maserati,16.0,DNF,0
NC,8,Giorgio Scarlatti,SCA,Maserati,10.0,DNF,0
