Grand Prix,Date,Winner,Winner Abbreviation,Car,Laps,Time
Argentina,22 Jan 1956,Luigi Musso,MUS,Ferrari,,
Argentina,22 Jan 1956,Juan Manuel Fangio,FAN,Ferrari,98.0,3:00:03.700
Monaco,13 May 1956,Stirling Moss,MOS,Maserati,100.0,3:00:32.900
Indianapolis 500,30 May 1956,Pat Flaherty,FLA,Watson Offenhauser,200.0,3:53:28.840
Belgium,03 Jun 1956,Peter Collins,COL,Ferrari,36.0,2:40:00.300
France,01 Jul 1956,Peter Collins,COL,Ferrari,61.0,2:34:23.400
Great Britain,14 Jul 1956,Juan Manuel Fangio,FAN,Ferrari,101.0,2:59:47.000
Germany,05 Aug 1956,Juan Manuel Fangio,FAN,Ferrari,22.0,3:38:43.700
Italy,02 Sep 1956,Stirling Moss,MOS,Maserati,50.0,2:23:41.300
