Position,Driver Number,Driver,Driver Abbreviation,Car,Laps,Time/Retired,Points
1,10,Alberto Ascari,ASC,Ferrari,36.0,2:48:30.300,8
2,8,Luigi Villoresi,VIL,Ferrari,36.0,+158.200s,6
NC,6,Johnny Claes,CLA,Maserati,,SHC,0
NC,6,Juan Manuel Fangio,FAN,Maserati,35.0,DNF,0
3,28,Onofre Marimon,MAR,Maserati,35.0,+1 lap,4
4,30,Toulo de Graffenried,DEG,Maserati,35.0,+1 lap,3
5,18,Maurice Trintignant,TRI,Gordini,35.0,+1 lap,2
6,14,Mike Hawthorn,HAW,Ferrari,35.0,+1 lap,0
7,20,Harry Schell,SCH,Gordini,33.0,+3 laps,0
8,32,Louis Rosier,ROS,Ferrari,33.0,+3 laps,0
9,38,Fred Wacker,WAC,Gordini,32.0,+4 laps,0
10,24,Paul Frere,FRE,HWM Alta,30.0,+6 laps,0
11,40,Andre Pilette,PIL,Connaught Lea Francis,29.0,+7 laps,0
NC,22,Lance Macklin,MAC,HWM Alta,19.0,DNF,0
NC,12,Nino Farina,FAR,Ferrari,16.0,DNF,0
NC,4,Juan Manuel Fangio,FAN,Maserati,13.0,DNF,0
NC,2,Jose Froilan Gonzalez,GON,Maserati,11.0,DNF,1
NC,16,Jean Behra,BEH,Gordini,9.0,DNF,0
NC,26,Peter Collins,COL,HWM Alta,4.0,DNF,0
NC,34,Georges Berger,BER,Simca-Gordini,3.0,DNF,0
NC,36,Arthur Legat,LEG,Veritas,0.0,DNF,0
